1645015889.062045097351074219, -1.869486809000000083, -0.729030669000000020, 1.418310045999999991, 0.026614350436822323, 0.008158312827364575, -0.061097095707144083, 0.997743585887070017
1645015889.263050317764282227, -1.666954366640008178, -0.660998255529544831, 1.409994301328982180, 0.008296895136114353, 0.005645694092620189, -0.040899631670977127, 0.999112860390902635
1645015889.461144447326660156, -1.441660460546908551, -0.595667294479499843, 1.389576506296097858, 0.003632981977484477, -0.011382931929453916, 0.027837816827474240, 0.999541037805312338
1645015889.666267633438110352, -1.204101755131649965, -0.496986142339298831, 1.406214550531012408, -0.020352752237696538, -0.013168966506762100, 0.069696610389543848, 0.997273646647550360
1645015889.864507436752319336, -0.992131463266339608, -0.358895879278929297, 1.400573481700740031, -0.013296469181103365, -0.016569981225689943, 0.106779688454383154, 0.994055701539446446
1645015890.065527677536010742, -0.794458644593697527, -0.203342031056942596, 1.400156389877251994, 0.037213229043980098, 0.012162662033863176, 0.146003443402267286, 0.988509099478123709
1645015890.267175197601318359, -0.607368567258385172, -0.058781476739108399, 1.410954305095187156, 0.060235585531718025, 0.031524523754922838, 0.177814050617642466, 0.981712810367992961
1645015890.461564064025878906, -0.419221313841251941, 0.072494926353703179, 1.393700685810556283, 0.063241187215010097, 0.020269476786870261, 0.190796244580830138, 0.979380668383991959
1645015890.661993265151977539, -0.213016319486849376, 0.209001327995167824, 1.400204884026787555, 0.085216474680016974, 0.024080169061850978, 0.246374627401391488, 0.965120635399475790
1645015890.865632772445678711, -0.016851637010286889, 0.359221890621556739, 1.410190834552863093, 0.077463627929674261, 0.040696189488412443, 0.254460606053890981, 0.963116299558772315
1645015891.068093538284301758, 0.154459316156059345, 0.518307452733019036, 1.392508391109793742, 0.085055491982290093, 0.027160565675017147, 0.245843765058418845, 0.965188432451282829
1645015891.291244983673095703, 0.342003500595161325, 0.695136752206967690, 1.411191831793096929, 0.050581980931378737, 0.031524954087497906, 0.203006865684326021, 0.977361679707090092
1645015891.474607467651367188, 0.502991273707263487, 0.826146339979028643, 1.405730851469169540, 0.058202463115655197, 0.017144117561267391, 0.203651246909608008, 0.977161563996700622
1645015891.668214797973632812, 0.699121075796535485, 0.959334304213858235, 1.387675509530708728, 0.063586104090992884, 0.004985419693517297, 0.230778083812730878, 0.970913708312295509
1645015891.874140024185180664, 0.914968699160712662, 1.100712712994436071, 1.408512938258047464, 0.049535766247905288, 0.016819950084176645, 0.217683853089414431, 0.974616353877537311
1645015892.085758209228515625, 1.125966488293672407, 1.242528567831781228, 1.393084590548040458, 0.043076639426475535, -0.008934377295860373, 0.174343636773359650, 0.983701619575110597
1645015892.266614198684692383, 1.304294796127807965, 1.345629248953096324, 1.394090834800848500, 0.059291977633358688, -0.010968070117161255, 0.140046225495977977, 0.988307248557127704
1645015892.472707986831665039, 1.520775860326355922, 1.422544195351094221, 1.417835113921755097, 0.039561927033641281, -0.001282178871452638, 0.070688597912975729, 0.996712763072603591
1645015892.666061878204345703, 1.731333254012964229, 1.447575313034722422, 1.400589484568915966, 0.072447045389199119, -0.029098217353024904, 0.054490263788453494, 0.995457447866816780
1645015892.867460727691650391, 1.958381267047249796, 1.434690778502783592, 1.409653560505407022, 0.067966557883338913, -0.027556651952700430, 0.055786381904245563, 0.995745478290854358
1645015893.079150676727294922, 2.207514217643464782, 1.385265142587172260, 1.427183358425027748, 0.069067101337173767, -0.026865246186285916, -0.027345793153843449, 0.996875218699420862
1645015893.292625427246093750, 2.391387553989846815, 1.303337338629410480, 1.399744820918550570, -0.183111972346727714, -0.055121151395154860, 0.979423595715647632, 0.064506467951635518
1645015893.473543405532836914, 2.526214656057109043, 1.216370685101496374, 1.409835430258925104, 0.035294217185894254, -0.059790312232752711, -0.254229078729611035, 0.964648647085890043
1645015893.864997625350952148, 2.721060452395542839, 0.890948251889064791, 1.384878419295318297, 0.043034358564043432, -0.061737985939946838, -0.440404788304715356, 0.894639641147953579
1645015894.065760374069213867, 2.760305083493879597, 0.697625427427259859, 1.392822664537193944, 0.009895912921951246, -0.036326851713491266, -0.568704660514644411, 0.821679645519438617
1645015894.283383369445800781, 2.751990299754940583, 0.498667999874647105, 1.380534498346696726, -0.016858048384126391, -0.053697778038263762, -0.667966639597233125, 0.742059918890389802
1645015894.468873262405395508, 2.708730773962187310, 0.329767751115642938, 1.385722091549964174, -0.009287459397429740, -0.057972047238774228, -0.762548933525833750, 0.644260901200360059
1645015894.677597761154174805, 2.601671469372527135, 0.164407630381238762, 1.401474911140119239, 0.013018862934258581, -0.040586217912544860, -0.847564757822872994, 0.528977550960443854
1645015894.866237640380859375, 2.461932915905508334, 0.044412179771259296, 1.375980612598008523, 0.003826241748651007, -0.045963194980639603, -0.892841042348531566, 0.448004037570243263
1645015895.069185018539428711, 2.282672174186668013, -0.068263674554355780, 1.375730320331050915, -0.000390967993682737, -0.037817496388944681, -0.927748606009432875, 0.371284538000782371
1645015895.267722845077514648, 2.093028859733210734, -0.145613727778786756, 1.381415833234891810, -0.005978725615583744, -0.045109340099588648, -0.962111053138801964, 0.268834007714683743
1645015895.487821578979492188, 1.864386704845423903, -0.196947441929779338, 1.373024849438602812, -0.026270074850345038, -0.067692122614372546, -0.988007539371533627, 0.136267244223714834
1645015895.666982889175415039, 1.671028680004951861, -0.207949433313574128, 1.390931398322895474, -0.010548601684705960, -0.042998342714794469, -0.998467058156166321, 0.033217515007140014
1645015895.870924711227416992, 1.441543509771054499, -0.180389393902435580, 1.377904624987272841, 0.009186029551910408, 0.054894809322260658, 0.998178552309385902, 0.023275619864627752
1645015896.068557262420654297, 1.202264765173487238, -0.125568809224572753, 1.359206688232424964, -0.002062077933244511, 0.047438217464286267, 0.997803476698185587, 0.046190748504670490
1645015896.268208980560302734, 0.967108987282320642, -0.076246210637340328, 1.372715971606064178, -0.010930184536414693, 0.025578845915116472, 0.995170789791512633, 0.094134759007433261
1645015896.463832616806030273, 0.754208462300422489, -0.026766852770975250, 1.359725147975338500, -0.008340334841145788, 0.030671573415813783, 0.993719618073116262, 0.107289393956512227
1645015896.673700571060180664, 0.539027026181026492, 0.050739650149326521, 1.362338470075708408, -0.006885632615513807, 0.029694514341890802, 0.988873783782369564, 0.145600355869835413
1645015896.869226932525634766, 0.378946528443546315, 0.143598871377629167, 1.364944180595816237, -0.037913415919284855, 0.012028593022597470, 0.974362413826626472, 0.221440223006521136
1645015897.065750837326049805, 0.211530008604931125, 0.283485897046497459, 1.347913335160754178, -0.027213041458363556, 0.029452557249197854, 0.966611712720655158, 0.253088510362106278
1645015897.300672531127929688, 0.004565552821429605, 0.463761010311558808, 1.369852441786860053, -0.018767488940737379, 0.019549879938266804, 0.950211879999489750, 0.310423850019766023
1645015897.466776132583618164, -0.153042990722006944, 0.574401274521313510, 1.374210549891902833, -0.018344315896387933, 0.018088808883902682, 0.943531798105317954, 0.330278711138942027
1645015897.663228273391723633, -0.339524808617211016, 0.693488550767822343, 1.374183510725946578, 0.018692139743112426, 0.048365260335312354, 0.936173545134092122, 0.347693110221625745
1645015897.871172666549682617, -0.578894330676931301, 0.841237921748374973, 1.411997787762200307, 0.054062586599102055, 0.188847470120232258, -0.331405321152390797, 0.922813297948877231
1645015898.069620847702026367, -0.743644467387778341, 0.923523997018849685, 1.402779419858232623, 0.036500268221113824, -0.018642355580695793, 0.915460636302953046, 0.400314896522702524
1645015898.262836694717407227, -0.955654270768838132, 1.047370782389372756, 1.407948011305554026, 0.051091343978977216, -0.030359905581735645, 0.934795218911903536, 0.350179738709903543
1645015898.484152555465698242, -1.212198996708111487, 1.169724342958033292, 1.432170570388975772, 0.028181013883554384, -0.017080871717195335, 0.955871272212321488, 0.291931816075387374
1645015898.667388916015625000, -1.432583313691190297, 1.236645408746520403, 1.413317254956427682, 0.037661045900907998, -0.001262115996679179, 0.968253610452375901, 0.247113331349806814
1645015898.866303205490112305, -1.672937121898168789, 1.278713518219099843, 1.424075467221324720, 0.020943779113352219, 0.018332809348552383, 0.977269620966051855, 0.210165064068008306
1645015899.065262317657470703, -1.908182937044710092, 1.295520403358259243, 1.433007374764649677, 0.032070698210353445, 0.020170033874448212, 0.988253716852311892, 0.148051447738260206
1645015899.264217853546142578, -2.147494155534539484, 1.285425891347818483, 1.411077456128895458, 0.062902892756080353, 0.000102996991413623, 0.995290018027331413, 0.073763103850715411
1645015899.461167097091674805, -2.388183201595455607, 1.231437336416598249, 1.429164318788206378, -0.056914220238026010, 0.016457685779662650, -0.998052821637956389, 0.019505930738852404
1645015899.668051719665527344, -2.619462793673168477, 1.113722934114156571, 1.417478540125017838, -0.049342620804597476, 0.017763888489608755, -0.991444085701538524, 0.119533990836510534
1645015899.862391233444213867, -2.807640644758483628, 0.965298699280311756, 1.413944723639163570, -0.038555414503937638, -0.010204954339335270, -0.979783769569184337, 0.196043627308212703
1645015900.067494630813598633, -2.971298955259100261, 0.777242214038549872, 1.430906065766493374, -0.031979566127816716, -0.000937366945123623, -0.964759233519993376, 0.261182024709591787
1645015900.284455299377441406, -3.116589695396048576, 0.544640776064476806, 1.412341498727782696, -0.052989211875829882, -0.001171532019363616, -0.922894076254014650, 0.381388640303765569
1645015900.465400457382202148, -3.204435003346288724, 0.339663022145963556, 1.412068003578460740, -0.072783050281271258, -0.016955643735911023, -0.866973344232953691, 0.492719346207131370
1645015900.665607213973999023, -3.251829647509043131, 0.083588640900292652, 1.420313298219198161, -0.059566924295263710, 0.011010441684893929, -0.818696773569847824, 0.571022017658012082
1645015900.870987176895141602, -3.238893703312081929, -0.166356005547947938, 1.400014474257201602, -0.012469648826577317, -0.006022356433282384, -0.761152195373824836, 0.648425457981670506
1645015901.076392650604248047, -3.182570258016929277, -0.402740336950091593, 1.408176214348772382, -0.008960063824359448, -0.000650605987246431, -0.723304078821358942, 0.690471218464968506
1645015901.268857240676879883, -3.101386894830075569, -0.618949585865050111, 1.402094134885227161, -0.010992426912782011, -0.007300379942076080, -0.670372480681016181, 0.741907412113431586
1645015901.483571767807006836, -2.982335063448482426, -0.857820781347530481, 1.385598979249847984, -0.032167831485704797, -0.016605983218276162, -0.585005255460977036, 0.810221156858976777
1645015901.681805610656738281, -2.826148972235513313, -1.046192792306851027, 1.405205239246969828, -0.039376789126949342, -0.008595576372840525, -0.526625713575781251, 0.849141297044060495
1645015901.864105939865112305, -2.639505465160059572, -1.180355077369503292, 1.394697430076782929, -0.021846627365445501, -0.005154591850280348, -0.461711303589189215, 0.886746202243676951
1645015902.067842245101928711, -2.402255177229245309, -1.281318682963727973, 1.396089741815883301, -0.010720897415426651, 0.003085118831779172, -0.389266141774667562, 0.921057769777914759
1645015902.281741142272949219, -2.181921189369771863, -1.417323445839097973, 1.473113613685348877, -0.631579902703488405, 0.212006780823130375, -0.165011010300719074, 0.727276644658414018
1645015902.488218307495117188, -1.880774682620131255, -1.391222044165970617, 1.372282368551833942, -0.042350189406865052, -0.031749790055935721, -0.229919314921861989, 0.971769273497813502
1645015902.662402153015136719, -1.656030570204891861, -1.414610569549829444, 1.392904262586803110, -0.006450876501803520, -0.014190268904095900, -0.126131867258928054, 0.991891009396981937
1645015902.867893457412719727, -1.381638611028799035, -1.394356724719060248, 1.388085124369559331, 0.029643681880715419, 0.112945015735428020, -0.096288655364338005, 0.988480232677015347
1645015903.067511558532714844, -1.175083012363051127, -1.325237671403169948, 1.386481061410308024, -0.080795282893914230, 0.043230788267908410, -0.927538813381568739, 0.362318880102236562
1645015903.284536838531494141, -0.910314014230356294, -1.189959896723428612, 1.397431301354216560, 0.018435924690188201, -0.004915222917400723, 0.039153828342028234, 0.999051017211159853
1645015903.478622198104858398, -0.690195485365188044, -1.061791568789210105, 1.375616499956648697, 0.018973216263879395, -0.024364135770589997, 0.119231101089906089, 0.992386190192933504
1645015903.667474985122680664, -0.466839687229064382, -0.916141002716590602, 1.370932642395171319, -0.001881204835140980, -0.021533007112959111, 0.191410614225768078, 0.981272015006417808
1645015903.867592811584472656, -0.269871261714543564, -0.728916272392105213, 1.384977350748059166, -0.012695785421829331, -0.033945890454091847, 0.245507154819515211, 0.968717053884274426
1645015904.068518400192260742, -0.104199410321381511, -0.518824265723479061, 1.369525663967933182, 0.027342990348011253, -0.020926123735700797, 0.290006828478580003, 0.956404986216624620
1645015904.267286777496337891, 0.058588038780743257, -0.301146674258439606, 1.382494343512378210, 0.028179029099132783, 0.011685516211732434, 0.304791579439734450, 0.951930398785818532
1645015904.470143079757690430, 0.222346875800797705, -0.097690260354928782, 1.385560122085869095, 0.038669214402461273, 0.008191400449756603, 0.308993497243887250, 0.950242396169082904
1645015904.662137985229492188, 0.387057852945871250, 0.093044145904027584, 1.379892748288344739, 0.050952673692239166, -0.014562722197848042, 0.354720895819211235, 0.933469248682042507
1645015904.864674568176269531, 0.562908172051923672, 0.302591463847669717, 1.411739854603378141, 0.032510736773707680, 0.005544554620316221, 0.364854847015221917, 0.930480118281950319
1645015905.065806627273559570, 0.720469950966182049, 0.513807387669729554, 1.398563706314190025, 0.045371436280076165, -0.010660775360908550, 0.361921855303532769, 0.931042615185919464
1645015905.266716957092285156, 0.879094257825903225, 0.711801779986924399, 1.404629443284901136, 0.062322420159207345, -0.004798857089259538, 0.349582440502291369, 0.934818166387772931
1645015905.468440294265747070, 1.057357796085760082, 0.891494682105669733, 1.420144929445677828, 0.041894563933863226, 0.007424840165505605, 0.307816809861482021, 0.950493834187265074
1645015905.663406610488891602, 1.241222960356103355, 1.049938618274932178, 1.394737679368392325, 0.044723891442721438, -0.007827267552442714, 0.299151611894735214, 0.953124766501040832
1645015905.866846799850463867, 1.446756979751766981, 1.206420110670029411, 1.405812727818660957, 0.028418048931901300, 0.001866603864159534, 0.297605582342013619, 0.954264034554268004
1645015906.067560434341430664, 1.650086586901412522, 1.353260724704575590, 1.413336623052888319, 0.035559641568073397, 0.005552709776401771, 0.260739733500452042, 0.964738032151631564
1645015906.265708684921264648, 1.843998744505652487, 1.481065240444683129, 1.398139856888709787, 0.047993764573257672, -0.023993658286859027, 0.153959889007303924, 0.986619103555652188
1645015906.483178377151489258, 2.062887894667075450, 1.588227646671697579, 1.421439949254978519, 0.007774652221747867, -0.008362213238506224, 0.084807867418881661, 0.996331899417280509
1645015906.673047304153442383, 2.267576983677766833, 1.632914884424235158, 1.403607216309394001, 0.017002668545246704, -0.047562231525239994, 0.030933915991998153, 0.998244377012001971
1645015906.875742673873901367, 2.491036044699091789, 1.636702249526508890, 1.406089826305730428, 0.009304185643613889, -0.030851785818257888, -0.015264194415322618, 0.999364099720509547
1645015907.064499855041503906, 2.685977116287744604, 1.604954642946929022, 1.421323838882248669, -0.003508442880866174, -0.045303194461670020, -0.095358800761965609, 0.994405355233648924
1645015907.293402910232543945, 2.902915359802570983, 1.520021905922593231, 1.404455040310325531, 0.005241114547117610, -0.063616911502890811, -0.206105944190476509, 0.976445471625778660
1645015907.468521118164062500, 3.036809416395393590, 1.416792733087291589, 1.423118892358204102, -0.009650519719086445, -0.048205251596810432, -0.319781442691595419, 0.946215065456961213
1645015907.665783882141113281, 3.144697890294045894, 1.245864398571727039, 1.423837330988857897, 0.004798807922429863, -0.057573109069361805, -0.422884547164299851, 0.904340073381831422
1645015907.866398572921752930, 3.207311791546345603, 1.040174856118815550, 1.417499188717323610, -0.000996067936565877, -0.064932528864802122, -0.493303058584224352, 0.867430035758121942
1645015908.074136257171630859, 3.239036150443194817, 0.813109334403967932, 1.437770161284365855, -0.015104106975550938, -0.052952389914285809, -0.583507775055474243, 0.810238598688464373
1645015908.262053728103637695, 3.244986884606011479, 0.611536201932600720, 1.425778984686179029, -0.021623226053059160, -0.063775957156493701, -0.646762670587028965, 0.759712518864185671
1645015908.476741075515747070, 3.227615084678173041, 0.378033174009745232, 1.429872521118351392, -0.043849721846226083, -0.063033822466460984, -0.726900763719607546, 0.682436237917599553
1645015908.669194698333740234, 3.168790893333275793, 0.185775444905862064, 1.444370101838793108, -0.045321107977961662, -0.055844232276273498, -0.778564997084824628, 0.623429197429371640
1645015908.935333967208862305, 3.026953176228014186, -0.076383675331338385, 1.421197939074640315, -0.060543466468114683, -0.057020977673603847, -0.820286643147464911, 0.565873589988995840
1645015909.179355144500732422, 2.868298257608677737, -0.298991546812300057, 1.443996671139879950, -0.043705992635020736, -0.030728203634197013, -0.865019135401090544, 0.498886218590123498
1645015909.371509790420532227, 2.727986204557294680, -0.446309114915687311, 1.421381384295541617, -0.061422687765645426, -0.051710286277074524, -0.897592854735159151, 0.433451689175592458
1645015909.567152976989746094, 2.562010252800897447, -0.573998619375287955, 1.424185371551946133, -0.064152488604893490, -0.028618541593233189, -0.939848283960484698, 0.334291250886719460
1645015909.765730619430541992, 2.375941739890528037, -0.641276191672897511, 1.438953410488770235, -0.050159015263531434, -0.024991795636550924, -0.969127304128419742, 0.240107791900711270
1645015909.965481758117675781, 2.169751797135628379, -0.660919855996114247, 1.420226485373742964, -0.053094213654086633, -0.038426207302177447, -0.978246406777185884, 0.196820727303678056
1645015910.177673339843750000, 1.942975554153242079, -0.641844136312594626, 1.432617808440510565, -0.032530140210137150, -0.047011312303682155, -0.988265282383964161, 0.141645536914997261
1645015910.367804527282714844, 1.738294722246475077, -0.601032385449609463, 1.433610934649545587, -0.030218608687965349, -0.038068275606910389, -0.996767570707467132, 0.063969149339460282
1645015910.573005437850952148, 1.524810879614723058, -0.526024372177559485, 1.421829902889192754, 0.044324269397876669, 0.029560163931532796, 0.997776471934860409, 0.040045822552523314
1645015910.767896652221679688, 1.333347455616338051, -0.430140994267426524, 1.440892673684957215, 0.022144457052955802, 0.007301544358014084, 0.989871414965877161, 0.140038895687125547
1645015910.966775894165039062, 1.160164157150874287, -0.305654370645607132, 1.436676547685103777, 0.029107024274551155, 0.010741139732293230, 0.977919792626818496, 0.206664675849193458
1645015911.176768779754638672, 0.986169258384391179, -0.148569543369170970, 1.429460805022962688, 0.037492888043739930, -0.001592855916889826, 0.967478999520012151, 0.250152216947850115
1645015911.370005369186401367, 0.826902947993791493, -0.003830227733090307, 1.455040996568393474, 0.026087213039685055, -0.008506113360810941, 0.958300160988853178, 0.284443148625614206
1645015911.566345930099487305, 0.667551222308349290, 0.130687804369333582, 1.453628482957239676, 0.035137057877128654, -0.020675357162439192, 0.947426294795726598, 0.317366243793485048
1645015911.764749765396118164, 0.505586356260366077, 0.257970438762669729, 1.447508584603082848, 0.050332094934946531, -0.030754399516132035, 0.929468377931822243, 0.364155710589095571
1645015911.971754312515258789, 0.329707952877970223, 0.393375145079293220, 1.471192091486291265, 0.041592965934875395, -0.037662755318997938, 0.920204311063033464, 0.387395880137527626
1645015912.163229227066040039, 0.162966368708213377, 0.532283825302070523, 1.452785486101905832, 0.057799851969652170, -0.037979293694644520, 0.918305198079474194, 0.389784958076834942
1645015912.365734100341796875, -0.025599574342478511, 0.687828411251842686, 1.453309156966603677, 0.056372209684023941, -0.041556470818348366, 0.932208347628149747, 0.355081441814210919
1645015912.571107387542724609, -0.236574372755328693, 0.829147597149040405, 1.472249875867619240, 0.043987484973039254, -0.032544216500349603, 0.943575815519652306, 0.326604738949924145
1645015912.766597747802734375, -0.449804525009408429, 0.950388380968781199, 1.449168679620812528, 0.061332868300611312, -0.024888486687224428, 0.944234343256532549, 0.322552860026607657
1645015912.966407060623168945, -0.675700775230688055, 1.061522533936724688, 1.462194306961276391, 0.047230732567344197, -0.026615843629130165, 0.946698974239529090, 0.317524655645644360
1645015913.172743320465087891, -0.904832802518998558, 1.174742192934260077, 1.460187731740315575, 0.048091339538328171, -0.032576988009866095, 0.949752123133556614, 0.307566037651942348
1645015913.404165029525756836, -1.169096237213879119, 1.295822165363056833, 1.435992489885164813, 0.063694785237564902, -0.048237213694548399, 0.968129848009901428, 0.237362050338406211
1645015913.598177909851074219, -1.396983422620508675, 1.362164921148169228, 1.462036527701152000, 0.051329653138724882, -0.055882073796268868, 0.976533518540228740, 0.201555817837955897
1645015913.779710769653320312, -1.609875036017058614, 1.397023111813664231, 1.456492158839063134, 0.072747922413735580, -0.056293922546335862, 0.980970613094507282, 0.170983596622069245
1645015913.969147682189941406, -1.834716571799344331, 1.405488953065412661, 1.457383174247826707, 0.076911526469277181, -0.049034194111481827, 0.983890475040741674, 0.153752391942716893
1645015914.192751884460449219, -2.105395669712244011, 1.397491171366181506, 1.474991319396520950, 0.061036218088572264, -0.043152639234618470, 0.991023119491554638, 0.110840454896931631
1645015914.362972974777221680, -2.311816590933899462, 1.381392648650179522, 1.455218874002507379, 0.071421923964162956, -0.032081139738014006, 0.994951594847674037, 0.062777648573655961
1645015914.580870628356933594, -2.570658321434951876, 1.320080851118625942, 1.462992508113625467, -0.091541022587710186, 0.032713071351146421, -0.994708815456110451, 0.033233546309002354
1645015914.765188694000244141, -2.780611471411250868, 1.221426566028755545, 1.479789135488732033, -0.075518797261917514, 0.038033345613771204, -0.990034875884777343, 0.112611368934713296
1645015914.964519023895263672, -2.986673366353909564, 1.084787609794765295, 1.455838014599640573, -0.084430014836019113, 0.026815458312707225, -0.983958099780692375, 0.154851418031085514
1645015915.177246093750000000, -3.177409147269157685, 0.912259689062761558, 1.467548647852766397, -0.076193704721712927, 0.019982492927016680, -0.975265618437975879, 0.206524073245699102
1645015915.366674900054931641, -3.327453805602799797, 0.745753665561437296, 1.466751754673819574, -0.074759193417251554, 0.007984946044566172, -0.962277954370737043, 0.261473597459355778
1645015915.565144300460815430, -3.468215590305538498, 0.540653061426784598, 1.446805165637500723, -0.092656708747206315, 0.006153154451947788, -0.934990501721802314, 0.342300503511809018
1645015915.764974832534790039, -3.522078513999999938, 0.432870030000000017, 1.455339909000000098, -0.100421718984477992, 0.005281782999183604, -0.911153554859164494, 0.399608283938233166
1645015915.964352130889892578, -3.578342676000000111, 0.107276484000000005, 1.479625940000000028, 0.017875113032607269, -0.183141251088481422, -0.980802542919426479, 0.064545598506822482
1645015916.167981624603271484, -3.578342676000000111, 0.107276484000000005, 1.479625940000000028, 0.017875113032607269, -0.183141251088481422, -0.980802542919426479, 0.064545598506822482
1645015916.380433082580566406, -3.696858882999999985, -0.272792011000000001, 1.545954822999999978, -0.416403715583485101, 0.383001451215815969, -0.823726365067012023, 0.037319023410782089
1645015916.569321870803833008, -3.572315370759088005, -0.601197851263495897, 1.453626787204832294, -0.078150714473389588, -0.041229852611903088, -0.706083197102567728, 0.702594537304636391
1645015916.792296648025512695, -3.476311309376056702, -0.837726333331044959, 1.457750484112658285, -0.077390464032485451, -0.034907788916774103, -0.611096696049072130, 0.786989828668507307
1645015916.971313953399658203, -3.327258059157452763, -1.058537806814779048, 1.498160628957162954, -0.246018863652777642, 0.175811304315484196, 0.757296609132452669, 0.578849678067089757
1645015917.180069446563720703, -3.172638082523411285, -1.159144300642657388, 1.453282511003927802, -0.068795906408433374, 0.023542622086512026, 0.754541812672647305, 0.652211254989830236
1645015917.382098197937011719, -3.030710220000000010, -1.223581076000000101, 1.457821964999999942, 0.052395491345339593, 0.000266553991582170, -0.218048893113971021, 0.974530308224132114
1645015917.581489086151123047, -2.769001245000000111, -1.383231520999999908, 1.460654019999999997, -0.044303808331985231, -0.050630733379395276, -0.356730493673116822, 0.931781656982193285
1645015917.787297964096069336, -2.582103490999999806, -1.455147146999999919, 1.444836616999999990, -0.060613092749910204, -0.063771352788984464, -0.282505098495176465, 0.955222558818092593
1645015917.972343921661376953, -2.343301740670912903, -1.502351113105270253, 1.461224953153756445, -0.051875955077233298, -0.053693870904722253, -0.152531564525523244, 0.985474492483437214
1645015918.168327093124389648, -2.123735226288822719, -1.491621340742758983, 1.458033871580094010, -0.056583710162467660, -0.064358490635178595, -0.097679094375360459, 0.991521589754565613
1645015918.395286798477172852, -1.880304644854460916, -1.423353423800754802, 1.448391643264273387, -0.034843767339348207, -0.052963697475753461, -0.011625232445942144, 0.997920644439163951
1645015918.601800203323364258, -1.664182393858192555, -1.330159295851749190, 1.456831915815407275, -0.026661984959655258, -0.031837312757715112, 0.060020902657997685, 0.997332951084289321
1645015918.769051551818847656, -1.490661995607706292, -1.236038131754525926, 1.433178884537341435, -0.025532927980457254, -0.041161423356403520, 0.120321343195507829, 0.991552611406802065
1645015918.966227293014526367, -1.288806988940188969, -1.110116957445466568, 1.419961567917906509, -0.029338388146973607, -0.034879014608172589, 0.192170586312274155, 0.980302595669978349
1645015919.190376520156860352, -1.052274493106092335, -0.934378374361924946, 1.438644310461244746, -0.020132767879845647, -0.028421460418676325, 0.256547645726107665, 0.965903824258687482
1645015919.369509458541870117, -0.876246756336369836, -0.787886308518531697, 1.423098169389857226, -0.014515678139635873, -0.041609966533720281, 0.282089127280191032, 0.958375516195770327
1645015919.587026596069335938, -0.641782244842247440, -0.585539625296289001, 1.442167858933798508, 0.216408427254643904, 0.063064379617138247, -0.930700996591794505, 0.288072788683203629
1645015919.776604890823364258, -0.471145880007851459, -0.437414293854059333, 1.444855503012114406, 0.002135230807214330, -0.032194436093229487, 0.295741829298068526, 0.954722854800004739
1645015919.963601589202880859, -0.287790801269484420, -0.281912673724432461, 1.424622203366425754, 0.002049902014569721, -0.052300353371725825, 0.325400384312789837, 0.944126612710399105
1645015920.184624910354614258, -0.077131963328080880, -0.081982273264474603, 1.444727021579317983, -0.000476265980754632, -0.028398933852431318, 0.370454296030362396, 0.928416333483749745
1645015920.368788242340087891, 0.076915593194129550, 0.095756792660301016, 1.446375062270739198, -0.006290232912160421, -0.034541319517649820, 0.387828791584188204, 0.921062516137877929
1645015920.568551301956176758, 0.229681221878395819, 0.278960202000790469, 1.430752858259887850, 0.010047879509253075, -0.044120480845118437, 0.380945127394318128, 0.923489703895982617
1645015920.765939712524414062, 0.383918571734750080, 0.453282482701510225, 1.452593562216444978, -0.000350232984831432, -0.021904695051309098, 0.374106033797492299, 0.927127141846184388
1645015920.964117050170898438, 0.543488957265720329, 0.611740964105159213, 1.448037495301055522, 0.009174982813401416, -0.039174556203277339, 0.376368217345514122, 0.925596099175450160
1645015921.162808418273925781, 0.711710215283236969, 0.766430991025501607, 1.444555756316219020, 0.015740853694075112, -0.037716597870878492, 0.404575135434810385, 0.913591070204789579
1645015921.369592905044555664, 0.881147689900723230, 0.936995097224852080, 1.460107759680802086, 0.009754165293028713, -0.013758145002824620, 0.412776410082414946, 0.910676234995177247
1645015921.563553571701049805, 1.033894286066831425, 1.092493169599269454, 1.438017204416259132, 0.025832064103859138, -0.022580823342508684, 0.394227476062675275, 0.918372205589085389
1645015921.774008035659790039, 1.200995200127939366, 1.253698847330086297, 1.436789318417571515, 0.036861241587473503, -0.037516624597918623, 0.339292203407446147, 0.939209535968587361
1645015921.967262029647827148, 1.378836440291878906, 1.379112279948519371, 1.447590456774815015, 0.026530707829517892, -0.030409116658410201, 0.284745680437586468, 0.957753258745829505
1645015922.164407253265380859, 1.577889888955200659, 1.478585531653847207, 1.427317742882893370, 0.027209602277069381, -0.047267765481317239, 0.272428574774080112, 0.960628995781873218
1645015922.368056535720825195, 1.791266515348134414, 1.561217816290176197, 1.444147995528608064, 0.028875980360288739, -0.039621522750107309, 0.251796767701818913, 0.966537480115546854
1645015922.568215370178222656, 1.999846114309955958, 1.632165592085258465, 1.444600068807026183, 0.028032849850462095, -0.035214496299778839, 0.226583373625756840, 0.972951218394830231
1645015922.779799938201904297, 2.221939641668264631, 1.687998983891813465, 1.423870838689362373, 0.044038434079394610, -0.049970749685966612, 0.131037599309656527, 0.989137345400940338
1645015922.972360610961914062, 2.432263429120461229, 1.701566104753300390, 1.439235809903134378, 0.033623252865976415, -0.028685841326192570, 0.042678289021956445, 0.998110796966087066
1645015923.163203001022338867, 2.636808924382090247, 1.665461332198410860, 1.428143027150031275, 0.038676205540354620, -0.039002641536475112, -0.020699800753994285, 0.998275745136043335
1645015923.364761590957641602, 2.827066040340913133, 1.584672949123095753, 1.419204540241575607, 0.036208996206567721, -0.050608632493353463, -0.093688110359626098, 0.993654976784249966
1645015923.765972852706909180, 3.142679416922086411, 1.351797312723721056, 1.427464447466136654, 0.025660032466549822, -0.052206654949219597, -0.269231949895165967, 0.961316901478630803
1645015923.968540191650390625, 3.268535454996810863, 1.203382415994980414, 1.431373931358107532, 0.017236678162607124, -0.055466530087387000, -0.378821541618437174, 0.923645278541396886
1645015924.168206453323364258, 3.351126412742857053, 1.025775984470329583, 1.441534327701099016, 0.024755939475413984, -0.037539426171766761, -0.487710217263798484, 0.871846706089942414
1645015924.372432947158813477, 3.403735540277542437, 0.821359211798594613, 1.423550925753992669, 0.016211030959860134, -0.046689129884393818, -0.539656279663765948, 0.840433475919016515
1645015924.567261219024658203, 3.419166685850852261, 0.682841276030164090, 1.457716178141996055, 0.228716043036504751, -0.232361656527023452, 0.774219523801371934, 0.542476876187840906
1645015924.977677583694458008, 3.419502565639032099, 0.186660568087942957, 1.424385781381260596, -0.017257187903232704, -0.039957630775943109, -0.670634564239509401, 0.740509863847693350
1645015925.163913488388061523, 3.368941079506824199, 0.002472444657989253, 1.433687445233571722, -0.025776592180049043, -0.050119793516910587, -0.709468644384356750, 0.702479762148938147
1645015925.362927913665771484, 3.277972800456861346, -0.189518568037375768, 1.430284725781695521, -0.026122888451692809, -0.038285189730831545, -0.758234217059353677, 0.650332769454687432
1645015925.579457283020019531, 3.140287147996987827, -0.382515015988877716, 1.414858172807316850, -0.038238599639922828, -0.037778887644251746, -0.791943423542594394, 0.608223790272606646
1645015925.788193464279174805, 2.991328473629567775, -0.556528369600051809, 1.433896089654735695, -0.023979235097666238, -0.026007878105928799, -0.834888163400458128, 0.549281659237196962
1645015925.965148925781250000, 2.849565961266578906, -0.687735899296655462, 1.423010461570548113, -0.030879375094786322, -0.034724161106588158, -0.869465294668882338, 0.491803617509624313
1645015926.165854930877685547, 2.675786152896595826, -0.809989557513625891, 1.424441999719585628, -0.039787698303090910, -0.059450263958687452, -0.920263393880949243, 0.384704940261626493
1645015926.368486881256103516, 2.483926708212826018, -0.890994295870795372, 1.438263165837786905, -0.021492376398646543, -0.035721804000509304, -0.955598685262492586, 0.291707358838071973
1645015926.562410593032836914, 2.284027302539951343, -0.924298715329241682, 1.415233357446987972, -0.024943404610289249, -0.030323820310521766, -0.970613723922685745, 0.237417967772362959
1645015926.764937400817871094, 2.060776039026603890, -0.927995303253530746, 1.418885941906800952, -0.025762287086114458, -0.023211132176613549, -0.981203581193006102, 0.189834349265859265
1645015926.970806837081909180, 1.834411972456563067, -0.908576214849714625, 1.426250327278376862, -0.014077762751143655, -0.023074775953007103, -0.992522210952084816, 0.119033743440364326
1645015927.177805662155151367, 1.612436593684405617, -0.864732502011238635, 1.407375468458943457, -0.032120834008591809, -0.021191367345929336, -0.998839169170871122, 0.028973990105719015
1645015927.376469135284423828, 1.403475186446849321, -0.793033576631174686, 1.424087454222726423, 0.028473909996819233, 0.011033805223755837, 0.996932138864381590, 0.072068037929909262
1645015927.565541028976440430, 1.220129850308068864, -0.698438022241346657, 1.419011236990456393, 0.006018387852135139, 0.010079670752354091, 0.987642144734769301, 0.156285550160243925
1645015927.777668476104736328, 1.028656011600503906, -0.565067589801679704, 1.398665144176483688, 0.018051447160306041, -0.000609134005409420, 0.977422722680011291, 0.210519821869523172
1645015927.964384317398071289, 0.856545733080246063, -0.440564663153093949, 1.417724826525156523, 0.004900375567722184, -0.003616461680980338, 0.970666919374363779, 0.240351074797862274
1645015928.166184663772583008, 0.681170955008645884, -0.310727601783265972, 1.412338092351164365, -0.000067895994017646, -0.013073186848114166, 0.956502055722066813, 0.291432504321718411
1645015928.366960287094116211, 0.522896454597514770, -0.177868662229244578, 1.405548714578565672, 0.026503526342581681, -0.013708084142754460, 0.935389579504696145, 0.352357752965038018
1645015928.565661191940307617, 0.377287202009311096, -0.027434316160000000, 1.431274114974358191, 0.014491122895048813, -0.022913225252861730, 0.909448196654382590, 0.414932487361310109
1645015928.761705160140991211, 0.247110180177158606, 0.140583522420811430, 1.420337288660668662, 0.032318788238825384, -0.033136299194276082, 0.902509282818810932, 0.428175753667062453
1645015928.963300943374633789, 0.100448720130191349, 0.320042040927241755, 1.420531070667609530, 0.039583596450986656, -0.059287517177698826, 0.916046904294687270, 0.394684935525831060
1645015929.167464971542358398, -0.065635525103622583, 0.483235189376158392, 1.445730593072451553, 0.024389674677910828, -0.050018041237888430, 0.929506988503612019, 0.364582086288913199
1645015929.363889217376708984, -0.234305004781939885, 0.618330160402829954, 1.428527877826972770, 0.053166409336832102, -0.043536351094691041, 0.939783239630190947, 0.334791549418098910
1645015929.586959600448608398, -0.435623344904056242, 0.744770367009727652, 1.438318405738047145, 0.051683649016724474, -0.044123579014278089, 0.953444362308528137, 0.293812454095075726
1645015929.764745712280273438, -0.586057786105731227, 0.827260743616310190, 1.446196594775459143, 0.061602497133286367, -0.032033272589308437, 0.969662624838650733, 0.234378744311809550
